Kraken Paradise,Pandora,Splat Zones on MakoMart,Splat Zones on Snapper Canal,Splat Zones on Sturgeon Shipyard,Splat Zones on Piranha Pit,Splat Zones on Kelp Dome,Splat Zones on Manta Maria,Splat Zones on Blackbelly Skatepark,Splat Zones on Walleye Warehouse,Splat Zones on The Reef
Kraken Paradise,Akatsuki,Tower Control on Sturgeon Shipyard,Rainmaker on Piranha Pit,Splat Zones on Blackbelly Skatepark,Tower Control on The Reef,Rainmaker on Manta Maria,Splat Zones on Walleye Warehouse,Tower Control on Snapper Canal,Rainmaker on Kelp Dome,Splat Zones on MakoMart
Pandora,Akatsuki,Tower Control on Manta Maria,Rainmaker on Kelp Dome,Splat Zones on MakoMart,Tower Control on Sturgeon Shipyard,Rainmaker on Snapper Canal,Splat Zones on Piranha Pit,Tower Control on The Reef,Rainmaker on Blackbelly Skatepark,Splat Zones on Walleye Warehouse
EL Firmament,Chikara,Splat Zones on Walleye Warehouse,Tower Control on Kelp Dome,Splat Zones on Snapper Canal,Tower Control on The Reef,Splat Zones on MakoMart,Tower Control on Manta Maria,Splat Zones on Blackbelly Skatepark,Tower Control on Sturgeon Shipyard,Splat Zones on Piranha Pit
EL Firmament,Konton Knights l,Splat Zones on Sturgeon Shipyard,Tower Control on Walleye Warehouse,Splat Zones on Kelp Dome,Tower Control on Manta Maria,Splat Zones on Snapper Canal,Tower Control on Piranha Pit,Splat Zones on Blackbelly Skatepark,Tower Control on MakoMart,Splat Zones on The Reef
EL Firmament,Emphatic,Tower Control on Sturgeon Shipyard,Clam Blitz on Kelp Dome,Splat Zones on Blackbelly Skatepark,Tower Control on The Reef,Clam Blitz on Piranha Pit,Splat Zones on Snapper Canal,Tower Control on Manta Maria,Clam Blitz on Walleye Warehouse,Splat Zones on MakoMart
EL Firmament,Rising Moon,Splat Zones on Snapper Canal,Tower Control on The Reef,Splat Zones on Blackbelly Skatepark,Tower Control on MakoMart,Splat Zones on Sturgeon Shipyard,Tower Control on Manta Maria,Splat Zones on Walleye Warehouse,Tower Control on Kelp Dome,Splat Zones on Piranha Pit
EL Firmament,Spanish Army,Splat Zones on Kelp Dome,Tower Control on The Reef,Splat Zones on Blackbelly Skatepark,Tower Control on MakoMart,Splat Zones on Walleye Warehouse,Tower Control on Sturgeon Shipyard,Splat Zones on Snapper Canal,Tower Control on Manta Maria,Splat Zones on Piranha Pit
EL Firmament,PainTShock,Splat Zones on Manta Maria,Clam Blitz on MakoMart,Splat Zones on Sturgeon Shipyard,Clam Blitz on Snapper Canal,Splat Zones on Piranha Pit,Clam Blitz on Walleye Warehouse,Splat Zones on The Reef,Clam Blitz on Blackbelly Skatepark,Splat Zones on Kelp Dome
Chikara,Konton Knights l,Splat Zones on Manta Maria,Rainmaker on Kelp Dome,Tower Control on Snapper Canal,Splat Zones on Piranha Pit,Rainmaker on Walleye Warehouse,Tower Control on MakoMart,Splat Zones on Sturgeon Shipyard,Rainmaker on Blackbelly Skatepark,Tower Control on The Reef
Chikara,Emphatic,Splat Zones on Snapper Canal,Splat Zones on Walleye Warehouse,Splat Zones on MakoMart,Splat Zones on Manta Maria,Splat Zones on Piranha Pit,Splat Zones on Kelp Dome,Splat Zones on Blackbelly Skatepark,Splat Zones on Sturgeon Shipyard,Splat Zones on The Reef
Chikara,Rising Moon,Tower Control on Piranha Pit,Splat Zones on Sturgeon Shipyard,Rainmaker on Blackbelly Skatepark,Tower Control on Manta Maria,Splat Zones on Walleye Warehouse,Rainmaker on The Reef,Tower Control on MakoMart,Splat Zones on Snapper Canal,Rainmaker on Kelp Dome
Chikara,Spanish Army,Splat Zones on Walleye Warehouse,Splat Zones on The Reef,Splat Zones on Snapper Canal,Splat Zones on Manta Maria,Splat Zones on MakoMart,Splat Zones on Kelp Dome,Splat Zones on Piranha Pit,Splat Zones on Sturgeon Shipyard,Splat Zones on Blackbelly Skatepark
Chikara,PainTShock,Rainmaker on MakoMart,Splat Zones on Manta Maria,Rainmaker on Kelp Dome,Splat Zones on Piranha Pit,Rainmaker on Walleye Warehouse,Splat Zones on Snapper Canal,Rainmaker on Sturgeon Shipyard,Splat Zones on Blackbelly Skatepark,Rainmaker on The Reef
Konton Knights l,Emphatic,Tower Control on Piranha Pit,Splat Zones on Sturgeon Shipyard,Tower Control on Snapper Canal,Splat Zones on Blackbelly Skatepark,Tower Control on MakoMart,Splat Zones on Manta Maria,Tower Control on The Reef,Splat Zones on Walleye Warehouse,Tower Control on Kelp Dome
Konton Knights l,Rising Moon,Splat Zones on Kelp Dome,Rainmaker on Snapper Canal,Tower Control on Sturgeon Shipyard,Splat Zones on Blackbelly Skatepark,Rainmaker on The Reef,Tower Control on Manta Maria,Splat Zones on MakoMart,Rainmaker on Piranha Pit,Tower Control on Walleye Warehouse
Konton Knights l,Spanish Army,Tower Control on Walleye Warehouse,Splat Zones on Blackbelly Skatepark,Rainmaker on Snapper Canal,Tower Control on MakoMart,Splat Zones on Manta Maria,Rainmaker on Piranha Pit,Tower Control on Kelp Dome,Splat Zones on Sturgeon Shipyard,Rainmaker on The Reef
Konton Knights l,PainTShock,Splat Zones on Sturgeon Shipyard,Rainmaker on The Reef,Splat Zones on MakoMart,Rainmaker on Kelp Dome,Splat Zones on Snapper Canal,Rainmaker on Walleye Warehouse,Splat Zones on Manta Maria,Rainmaker on Piranha Pit,Splat Zones on Blackbelly Skatepark
Emphatic,Rising Moon,Splat Zones on MakoMart,Tower Control on Kelp Dome,Splat Zones on Piranha Pit,Tower Control on Sturgeon Shipyard,Splat Zones on Walleye Warehouse,Tower Control on The Reef,Splat Zones on Blackbelly Skatepark,Tower Control on Manta Maria,Splat Zones on Snapper Canal
Emphatic,Spanish Army,Splat Zones on Walleye Warehouse,Splat Zones on Blackbelly Skatepark,Splat Zones on Kelp Dome,Splat Zones on The Reef,Splat Zones on Piranha Pit,Splat Zones on MakoMart,Splat Zones on Manta Maria,Splat Zones on Snapper Canal,Splat Zones on Sturgeon Shipyard
Emphatic,PainTShock,Splat Zones on Piranha Pit,Clam Blitz on Kelp Dome,Splat Zones on Sturgeon Shipyard,Clam Blitz on MakoMart,Splat Zones on Blackbelly Skatepark,Clam Blitz on Snapper Canal,Splat Zones on Manta Maria,Clam Blitz on The Reef,Splat Zones on Walleye Warehouse
Rising Moon,Spanish Army,Splat Zones on The Reef,Rainmaker on Blackbelly Skatepark,Tower Control on MakoMart,Splat Zones on Kelp Dome,Rainmaker on Sturgeon Shipyard,Tower Control on Walleye Warehouse,Splat Zones on Snapper Canal,Rainmaker on Manta Maria,Tower Control on Piranha Pit
Rising Moon,PainTShock,Rainmaker on Kelp Dome,Splat Zones on MakoMart,Rainmaker on The Reef,Splat Zones on Snapper Canal,Rainmaker on Sturgeon Shipyard,Splat Zones on Piranha Pit,Rainmaker on Manta Maria,Splat Zones on Walleye Warehouse,Rainmaker on Blackbelly Skatepark
Spanish Army,PainTShock,Rainmaker on The Reef,Splat Zones on Manta Maria,Rainmaker on Kelp Dome,Splat Zones on Snapper Canal,Rainmaker on Walleye Warehouse,Splat Zones on Piranha Pit,Rainmaker on MakoMart,Splat Zones on Blackbelly Skatepark,Rainmaker on Sturgeon Shipyard
Inklings Team,Hexagone,Splat Zones on Blackbelly Skatepark,Rainmaker on MakoMart,Splat Zones on Manta Maria,Rainmaker on Walleye Warehouse,Splat Zones on The Reef,Rainmaker on Snapper Canal,Splat Zones on Piranha Pit,Rainmaker on Sturgeon Shipyard,Splat Zones on Kelp Dome
Inklings Team,Argos,Clam Blitz on Manta Maria,Splat Zones on The Reef,Rainmaker on Sturgeon Shipyard,Clam Blitz on Snapper Canal,Splat Zones on Walleye Warehouse,Rainmaker on Kelp Dome,Clam Blitz on Blackbelly Skatepark,Splat Zones on Piranha Pit,Rainmaker on MakoMart
Inklings Team,C Sharp,Splat Zones on Sturgeon Shipyard,Clam Blitz on Kelp Dome,Splat Zones on Walleye Warehouse,Clam Blitz on MakoMart,Splat Zones on The Reef,Clam Blitz on Manta Maria,Splat Zones on Snapper Canal,Clam Blitz on Blackbelly Skatepark,Splat Zones on Piranha Pit
Inklings Team,Element Tuzki,Splat Zones on Manta Maria,Rainmaker on The Reef,Clam Blitz on Sturgeon Shipyard,Splat Zones on MakoMart,Rainmaker on Blackbelly Skatepark,Clam Blitz on Piranha Pit,Splat Zones on Walleye Warehouse,Rainmaker on Snapper Canal,Clam Blitz on Kelp Dome
Inklings Team,??? ?lpha,Splat Zones on Blackbelly Skatepark,Rainmaker on Kelp Dome,Splat Zones on The Reef,Rainmaker on Sturgeon Shipyard,Splat Zones on Walleye Warehouse,Rainmaker on Snapper Canal,Splat Zones on Manta Maria,Rainmaker on MakoMart,Splat Zones on Piranha Pit
Inklings Team,??????l g?????,Rainmaker on Blackbelly Skatepark,Splat Zones on Manta Maria,Rainmaker on Kelp Dome,Splat Zones on MakoMart,Rainmaker on Piranha Pit,Splat Zones on The Reef,Rainmaker on Walleye Warehouse,Splat Zones on Snapper Canal,Rainmaker on Sturgeon Shipyard
Inklings Team,4th Legion,Splat Zones on MakoMart,Rainmaker on Piranha Pit,Splat Zones on Manta Maria,Rainmaker on Walleye Warehouse,Splat Zones on Kelp Dome,Rainmaker on The Reef,Splat Zones on Snapper Canal,Rainmaker on Blackbelly Skatepark,Splat Zones on Sturgeon Shipyard
Inklings Team,Blooper Ink,Rainmaker on Sturgeon Shipyard,Clam Blitz on Kelp Dome,Splat Zones on Snapper Canal,Rainmaker on MakoMart,Clam Blitz on Manta Maria,Splat Zones on Blackbelly Skatepark,Rainmaker on The Reef,Clam Blitz on Piranha Pit,Splat Zones on Walleye Warehouse
Inklings Team,Team S4,Rainmaker on Walleye Warehouse,Splat Zones on Manta Maria,Rainmaker on MakoMart,Splat Zones on Kelp Dome,Rainmaker on Snapper Canal,Splat Zones on Blackbelly Skatepark,Rainmaker on Piranha Pit,Splat Zones on The Reef,Rainmaker on Sturgeon Shipyard
Inklings Team,Cactus,Splat Zones on Sturgeon Shipyard,Splat Zones on Manta Maria,Splat Zones on The Reef,Splat Zones on Walleye Warehouse,Splat Zones on Kelp Dome,Splat Zones on MakoMart,Splat Zones on Blackbelly Skatepark,Splat Zones on Snapper Canal,Splat Zones on Piranha Pit
Inklings Team,AllTheWay,Rainmaker on Manta Maria,Clam Blitz on The Reef,Splat Zones on Walleye Warehouse,Rainmaker on MakoMart,Clam Blitz on Piranha Pit,Splat Zones on Blackbelly Skatepark,Rainmaker on Snapper Canal,Clam Blitz on Sturgeon Shipyard,Splat Zones on Kelp Dome
Inklings Team,No Christmas Without Caviar,Splat Zones on Kelp Dome,Rainmaker on The Reef,Clam Blitz on Manta Maria,Splat Zones on Walleye Warehouse,Rainmaker on Blackbelly Skatepark,Clam Blitz on Sturgeon Shipyard,Splat Zones on MakoMart,Rainmaker on Snapper Canal,Clam Blitz on Piranha Pit
Inklings Team,Squidding Good Veteris,Rainmaker on MakoMart,Clam Blitz on Manta Maria,Splat Zones on Walleye Warehouse,Rainmaker on Sturgeon Shipyard,Clam Blitz on The Reef,Splat Zones on Kelp Dome,Rainmaker on Blackbelly Skatepark,Clam Blitz on Snapper Canal,Splat Zones on Piranha Pit
Inklings Team,Team NoVC,Splat Zones on Manta Maria,Rainmaker on Walleye Warehouse,Clam Blitz on Snapper Canal,Splat Zones on Blackbelly Skatepark,Rainmaker on Piranha Pit,Clam Blitz on MakoMart,Splat Zones on Sturgeon Shipyard,Rainmaker on Kelp Dome,Clam Blitz on The Reef
Hexagone,Argos,Rainmaker on MakoMart,Tower Control on The Reef,Splat Zones on Manta Maria,Rainmaker on Piranha Pit,Tower Control on Snapper Canal,Splat Zones on Kelp Dome,Rainmaker on Sturgeon Shipyard,Tower Control on Walleye Warehouse,Splat Zones on Blackbelly Skatepark
Hexagone,C Sharp,Splat Zones on The Reef,Tower Control on MakoMart,Splat Zones on Manta Maria,Tower Control on Blackbelly Skatepark,Splat Zones on Walleye Warehouse,Tower Control on Snapper Canal,Splat Zones on Piranha Pit,Tower Control on Kelp Dome,Splat Zones on Sturgeon Shipyard
Hexagone,Element Tuzki,Splat Zones on MakoMart,Rainmaker on Blackbelly Skatepark,Tower Control on The Reef,Splat Zones on Walleye Warehouse,Rainmaker on Sturgeon Shipyard,Tower Control on Snapper Canal,Splat Zones on Kelp Dome,Rainmaker on Manta Maria,Tower Control on Piranha Pit
Hexagone,??? ?lpha,Rainmaker on Walleye Warehouse,Tower Control on MakoMart,Splat Zones on The Reef,Rainmaker on Blackbelly Skatepark,Tower Control on Manta Maria,Splat Zones on Sturgeon Shipyard,Rainmaker on Piranha Pit,Tower Control on Kelp Dome,Splat Zones on Snapper Canal
Hexagone,??????l g?????,Splat Zones on Kelp Dome,Rainmaker on Manta Maria,Tower Control on Piranha Pit,Splat Zones on Sturgeon Shipyard,Rainmaker on Walleye Warehouse,Tower Control on Snapper Canal,Splat Zones on MakoMart,Rainmaker on Blackbelly Skatepark,Tower Control on The Reef
Hexagone,4th Legion,Rainmaker on Kelp Dome,Tower Control on Snapper Canal,Splat Zones on Manta Maria,Rainmaker on MakoMart,Tower Control on Sturgeon Shipyard,Splat Zones on Piranha Pit,Rainmaker on Walleye Warehouse,Tower Control on The Reef,Splat Zones on Blackbelly Skatepark
Hexagone,Blooper Ink,Splat Zones on MakoMart,Rainmaker on Sturgeon Shipyard,Tower Control on The Reef,Splat Zones on Manta Maria,Rainmaker on Snapper Canal,Tower Control on Walleye Warehouse,Splat Zones on Kelp Dome,Rainmaker on Blackbelly Skatepark,Tower Control on Piranha Pit
Hexagone,Team S4,Rainmaker on The Reef,Splat Zones on Piranha Pit,Tower Control on Manta Maria,Rainmaker on Blackbelly Skatepark,Splat Zones on Walleye Warehouse,Tower Control on Sturgeon Shipyard,Rainmaker on MakoMart,Splat Zones on Kelp Dome,Tower Control on Snapper Canal
Hexagone,Cactus,Rainmaker on Piranha Pit,Splat Zones on Snapper Canal,Tower Control on Blackbelly Skatepark,Rainmaker on MakoMart,Splat Zones on The Reef,Tower Control on Sturgeon Shipyard,Rainmaker on Walleye Warehouse,Splat Zones on Kelp Dome,Tower Control on Manta Maria
Hexagone,AllTheWay,Tower Control on Walleye Warehouse,Rainmaker on Manta Maria,Splat Zones on Snapper Canal,Tower Control on The Reef,Rainmaker on Blackbelly Skatepark,Splat Zones on Sturgeon Shipyard,Tower Control on Piranha Pit,Rainmaker on MakoMart,Splat Zones on Kelp Dome
Hexagone,No Christmas Without Caviar,Tower Control on The Reef,Splat Zones on MakoMart,Rainmaker on Snapper Canal,Tower Control on Blackbelly Skatepark,Splat Zones on Walleye Warehouse,Rainmaker on Sturgeon Shipyard,Tower Control on Manta Maria,Splat Zones on Piranha Pit,Rainmaker on Kelp Dome
Hexagone,Squidding Good Veteris,Rainmaker on Piranha Pit,Splat Zones on Blackbelly Skatepark,Tower Control on Sturgeon Shipyard,Rainmaker on MakoMart,Splat Zones on Manta Maria,Tower Control on Snapper Canal,Rainmaker on Kelp Dome,Splat Zones on Walleye Warehouse,Tower Control on The Reef
Hexagone,Team NoVC,Tower Control on Piranha Pit,Splat Zones on MakoMart,Rainmaker on Manta Maria,Tower Control on Blackbelly Skatepark,Splat Zones on The Reef,Rainmaker on Snapper Canal,Tower Control on Walleye Warehouse,Splat Zones on Sturgeon Shipyard,Rainmaker on Kelp Dome
Argos,C Sharp,Tower Control on Sturgeon Shipyard,Clam Blitz on The Reef,Splat Zones on Kelp Dome,Tower Control on Snapper Canal,Clam Blitz on Manta Maria,Splat Zones on MakoMart,Tower Control on Walleye Warehouse,Clam Blitz on Blackbelly Skatepark,Splat Zones on Piranha Pit
Argos,Element Tuzki,Rainmaker on Sturgeon Shipyard,Splat Zones on Blackbelly Skatepark,Clam Blitz on Manta Maria,Tower Control on Kelp Dome,Rainmaker on Snapper Canal,Splat Zones on MakoMart,Clam Blitz on Walleye Warehouse,Tower Control on Piranha Pit,Rainmaker on The Reef
Argos,??? ?lpha,Rainmaker on The Reef,Splat Zones on Blackbelly Skatepark,Tower Control on Manta Maria,Rainmaker on Walleye Warehouse,Splat Zones on MakoMart,Tower Control on Snapper Canal,Rainmaker on Sturgeon Shipyard,Splat Zones on Kelp Dome,Tower Control on Piranha Pit
Argos,??????l g?????,Tower Control on Kelp Dome,Splat Zones on Walleye Warehouse,Rainmaker on Piranha Pit,Tower Control on Manta Maria,Splat Zones on Blackbelly Skatepark,Rainmaker on MakoMart,Tower Control on Snapper Canal,Splat Zones on The Reef,Rainmaker on Sturgeon Shipyard
Argos,4th Legion,Rainmaker on Snapper Canal,Tower Control on Sturgeon Shipyard,Splat Zones on Blackbelly Skatepark,Rainmaker on MakoMart,Tower Control on The Reef,Splat Zones on Piranha Pit,Rainmaker on Walleye Warehouse,Tower Control on Manta Maria,Splat Zones on Kelp Dome
Argos,Blooper Ink,Tower Control on Sturgeon Shipyard,Splat Zones on Kelp Dome,Clam Blitz on Manta Maria,Rainmaker on Blackbelly Skatepark,Tower Control on The Reef,Splat Zones on Piranha Pit,Clam Blitz on MakoMart,Rainmaker on Snapper Canal,Tower Control on Walleye Warehouse
Argos,Team S4,Tower Control on Piranha Pit,Rainmaker on Kelp Dome,Splat Zones on Blackbelly Skatepark,Tower Control on Sturgeon Shipyard,Rainmaker on Snapper Canal,Splat Zones on The Reef,Tower Control on MakoMart,Rainmaker on Walleye Warehouse,Splat Zones on Manta Maria
Argos,Cactus,Rainmaker on Blackbelly Skatepark,Splat Zones on Manta Maria,Tower Control on The Reef,Rainmaker on Kelp Dome,Splat Zones on MakoMart,Tower Control on Walleye Warehouse,Rainmaker on Snapper Canal,Splat Zones on Piranha Pit,Tower Control on Sturgeon Shipyard
Argos,AllTheWay,Clam Blitz on Manta Maria,Rainmaker on The Reef,Splat Zones on Snapper Canal,Tower Control on Sturgeon Shipyard,Clam Blitz on Kelp Dome,Rainmaker on Piranha Pit,Splat Zones on Walleye Warehouse,Tower Control on Blackbelly Skatepark,Clam Blitz on MakoMart
Argos,No Christmas Without Caviar,Tower Control on Sturgeon Shipyard,Splat Zones on Manta Maria,Rainmaker on Snapper Canal,Clam Blitz on Piranha Pit,Tower Control on MakoMart,Splat Zones on The Reef,Rainmaker on Blackbelly Skatepark,Clam Blitz on Kelp Dome,Tower Control on Walleye Warehouse
Argos,Squidding Good Veteris,Rainmaker on Kelp Dome,Tower Control on Manta Maria,Splat Zones on The Reef,Clam Blitz on Piranha Pit,Rainmaker on MakoMart,Tower Control on Snapper Canal,Splat Zones on Walleye Warehouse,Clam Blitz on Blackbelly Skatepark,Rainmaker on Sturgeon Shipyard
Argos,Team NoVC,Clam Blitz on MakoMart,Rainmaker on Walleye Warehouse,Tower Control on The Reef,Splat Zones on Snapper Canal,Clam Blitz on Blackbelly Skatepark,Rainmaker on Sturgeon Shipyard,Tower Control on Kelp Dome,Splat Zones on Manta Maria,Clam Blitz on Piranha Pit
C Sharp,Element Tuzki,Clam Blitz on Walleye Warehouse,Splat Zones on Sturgeon Shipyard,Tower Control on The Reef,Clam Blitz on Snapper Canal,Splat Zones on Manta Maria,Tower Control on Piranha Pit,Clam Blitz on MakoMart,Splat Zones on Blackbelly Skatepark,Tower Control on Kelp Dome
C Sharp,??? ?lpha,Tower Control on The Reef,Splat Zones on Kelp Dome,Tower Control on Piranha Pit,Splat Zones on Manta Maria,Tower Control on Walleye Warehouse,Splat Zones on Snapper Canal,Tower Control on MakoMart,Splat Zones on Sturgeon Shipyard,Tower Control on Blackbelly Skatepark
C Sharp,??????l g?????,Tower Control on Kelp Dome,Splat Zones on MakoMart,Tower Control on Blackbelly Skatepark,Splat Zones on Walleye Warehouse,Tower Control on The Reef,Splat Zones on Snapper Canal,Tower Control on Piranha Pit,Splat Zones on Manta Maria,Tower Control on Sturgeon Shipyard
C Sharp,4th Legion,Tower Control on The Reef,Splat Zones on Manta Maria,Tower Control on Kelp Dome,Splat Zones on Snapper Canal,Tower Control on Sturgeon Shipyard,Splat Zones on Blackbelly Skatepark,Tower Control on MakoMart,Splat Zones on Piranha Pit,Tower Control on Walleye Warehouse
C Sharp,Blooper Ink,Splat Zones on Kelp Dome,Clam Blitz on Piranha Pit,Tower Control on MakoMart,Splat Zones on Walleye Warehouse,Clam Blitz on Snapper Canal,Tower Control on Sturgeon Shipyard,Splat Zones on The Reef,Clam Blitz on Manta Maria,Tower Control on Blackbelly Skatepark
C Sharp,Team S4,Splat Zones on Manta Maria,Tower Control on Snapper Canal,Splat Zones on Kelp Dome,Tower Control on Blackbelly Skatepark,Splat Zones on Sturgeon Shipyard,Tower Control on MakoMart,Splat Zones on The Reef,Tower Control on Piranha Pit,Splat Zones on Walleye Warehouse
C Sharp,Cactus,Tower Control on Blackbelly Skatepark,Splat Zones on Kelp Dome,Tower Control on Walleye Warehouse,Splat Zones on Sturgeon Shipyard,Tower Control on The Reef,Splat Zones on Manta Maria,Tower Control on Piranha Pit,Splat Zones on Snapper Canal,Tower Control on MakoMart
C Sharp,AllTheWay,Tower Control on Piranha Pit,Clam Blitz on Sturgeon Shipyard,Splat Zones on Manta Maria,Tower Control on Kelp Dome,Clam Blitz on Snapper Canal,Splat Zones on The Reef,Tower Control on Walleye Warehouse,Clam Blitz on MakoMart,Splat Zones on Blackbelly Skatepark
C Sharp,No Christmas Without Caviar,Splat Zones on Walleye Warehouse,Clam Blitz on Sturgeon Shipyard,Tower Control on Manta Maria,Splat Zones on Piranha Pit,Clam Blitz on Blackbelly Skatepark,Tower Control on Kelp Dome,Splat Zones on The Reef,Clam Blitz on MakoMart,Tower Control on Snapper Canal
C Sharp,Squidding Good Veteris,Splat Zones on MakoMart,Clam Blitz on Blackbelly Skatepark,Tower Control on Snapper Canal,Splat Zones on Piranha Pit,Clam Blitz on Walleye Warehouse,Tower Control on Kelp Dome,Splat Zones on Manta Maria,Clam Blitz on The Reef,Tower Control on Sturgeon Shipyard
C Sharp,Team NoVC,Splat Zones on MakoMart,Clam Blitz on Blackbelly Skatepark,Tower Control on Snapper Canal,Splat Zones on Manta Maria,Clam Blitz on Sturgeon Shipyard,Tower Control on Piranha Pit,Splat Zones on Kelp Dome,Clam Blitz on The Reef,Tower Control on Walleye Warehouse
Element Tuzki,??? ?lpha,Splat Zones on MakoMart,Rainmaker on The Reef,Tower Control on Piranha Pit,Splat Zones on Snapper Canal,Rainmaker on Manta Maria,Tower Control on Blackbelly Skatepark,Splat Zones on Sturgeon Shipyard,Rainmaker on Walleye Warehouse,Tower Control on Kelp Dome
Element Tuzki,??????l g?????,Tower Control on Blackbelly Skatepark,Splat Zones on Kelp Dome,Rainmaker on Sturgeon Shipyard,Tower Control on MakoMart,Splat Zones on Piranha Pit,Rainmaker on Walleye Warehouse,Tower Control on Snapper Canal,Splat Zones on Manta Maria,Rainmaker on The Reef
Element Tuzki,4th Legion,Rainmaker on Sturgeon Shipyard,Tower Control on MakoMart,Splat Zones on Walleye Warehouse,Rainmaker on Blackbelly Skatepark,Tower Control on Snapper Canal,Splat Zones on Kelp Dome,Rainmaker on Manta Maria,Tower Control on Piranha Pit,Splat Zones on The Reef
Element Tuzki,Blooper Ink,Rainmaker on Snapper Canal,Tower Control on Blackbelly Skatepark,Splat Zones on Piranha Pit,Clam Blitz on Manta Maria,Rainmaker on MakoMart,Tower Control on Sturgeon Shipyard,Splat Zones on Walleye Warehouse,Clam Blitz on Kelp Dome,Rainmaker on The Reef
Element Tuzki,Team S4,Rainmaker on Piranha Pit,Tower Control on Snapper Canal,Splat Zones on The Reef,Rainmaker on Sturgeon Shipyard,Tower Control on Blackbelly Skatepark,Splat Zones on MakoMart,Rainmaker on Kelp Dome,Tower Control on Manta Maria,Splat Zones on Walleye Warehouse
Element Tuzki,Cactus,Tower Control on Walleye Warehouse,Rainmaker on MakoMart,Splat Zones on Manta Maria,Tower Control on Piranha Pit,Rainmaker on The Reef,Splat Zones on Sturgeon Shipyard,Tower Control on Kelp Dome,Rainmaker on Snapper Canal,Splat Zones on Blackbelly Skatepark
Element Tuzki,AllTheWay,Splat Zones on Piranha Pit,Tower Control on Blackbelly Skatepark,Rainmaker on MakoMart,Clam Blitz on Snapper Canal,Splat Zones on Manta Maria,Tower Control on Walleye Warehouse,Rainmaker on Sturgeon Shipyard,Clam Blitz on Kelp Dome,Splat Zones on The Reef
Element Tuzki,No Christmas Without Caviar,Clam Blitz on Piranha Pit,Splat Zones on Blackbelly Skatepark,Tower Control on Kelp Dome,Rainmaker on MakoMart,Clam Blitz on The Reef,Splat Zones on Walleye Warehouse,Tower Control on Snapper Canal,Rainmaker on Manta Maria,Clam Blitz on Sturgeon Shipyard
Element Tuzki,Squidding Good Veteris,Rainmaker on Sturgeon Shipyard,Splat Zones on Manta Maria,Tower Control on The Reef,Clam Blitz on MakoMart,Rainmaker on Blackbelly Skatepark,Splat Zones on Kelp Dome,Tower Control on Piranha Pit,Clam Blitz on Snapper Canal,Rainmaker on Walleye Warehouse
Element Tuzki,Team NoVC,Splat Zones on Manta Maria,Rainmaker on Sturgeon Shipyard,Clam Blitz on Piranha Pit,Tower Control on Blackbelly Skatepark,Splat Zones on MakoMart,Rainmaker on Kelp Dome,Clam Blitz on The Reef,Tower Control on Walleye Warehouse,Splat Zones on Snapper Canal
??? ?lpha,??????l g?????,Tower Control on Blackbelly Skatepark,Splat Zones on MakoMart,Rainmaker on Snapper Canal,Tower Control on Piranha Pit,Splat Zones on Walleye Warehouse,Rainmaker on Sturgeon Shipyard,Tower Control on Manta Maria,Splat Zones on The Reef,Rainmaker on Kelp Dome
??? ?lpha,4th Legion,Rainmaker on Sturgeon Shipyard,Tower Control on Manta Maria,Splat Zones on Blackbelly Skatepark,Rainmaker on Kelp Dome,Tower Control on Piranha Pit,Splat Zones on MakoMart,Rainmaker on Snapper Canal,Tower Control on Walleye Warehouse,Splat Zones on The Reef
??? ?lpha,Blooper Ink,Splat Zones on Blackbelly Skatepark,Tower Control on Walleye Warehouse,Rainmaker on Kelp Dome,Splat Zones on Sturgeon Shipyard,Tower Control on Snapper Canal,Rainmaker on The Reef,Splat Zones on MakoMart,Tower Control on Piranha Pit,Rainmaker on Manta Maria
??? ?lpha,Team S4,Rainmaker on Walleye Warehouse,Tower Control on MakoMart,Splat Zones on The Reef,Rainmaker on Snapper Canal,Tower Control on Piranha Pit,Splat Zones on Manta Maria,Rainmaker on Sturgeon Shipyard,Tower Control on Kelp Dome,Splat Zones on Blackbelly Skatepark
??? ?lpha,Cactus,Rainmaker on The Reef,Splat Zones on Blackbelly Skatepark,Tower Control on MakoMart,Rainmaker on Piranha Pit,Splat Zones on Snapper Canal,Tower Control on Manta Maria,Rainmaker on Kelp Dome,Splat Zones on Walleye Warehouse,Tower Control on Sturgeon Shipyard
??? ?lpha,AllTheWay,Splat Zones on Manta Maria,Rainmaker on Walleye Warehouse,Tower Control on Blackbelly Skatepark,Splat Zones on MakoMart,Rainmaker on Piranha Pit,Tower Control on Snapper Canal,Splat Zones on The Reef,Rainmaker on Sturgeon Shipyard,Tower Control on Kelp Dome
??? ?lpha,No Christmas Without Caviar,Tower Control on The Reef,Splat Zones on Manta Maria,Rainmaker on Walleye Warehouse,Tower Control on MakoMart,Splat Zones on Kelp Dome,Rainmaker on Piranha Pit,Tower Control on Sturgeon Shipyard,Splat Zones on Blackbelly Skatepark,Rainmaker on Snapper Canal
??? ?lpha,Squidding Good Veteris,Splat Zones on Manta Maria,Rainmaker on Piranha Pit,Tower Control on The Reef,Splat Zones on Blackbelly Skatepark,Rainmaker on Walleye Warehouse,Tower Control on Kelp Dome,Splat Zones on Snapper Canal,Rainmaker on MakoMart,Tower Control on Sturgeon Shipyard
??? ?lpha,Team NoVC,Splat Zones on Piranha Pit,Rainmaker on Manta Maria,Tower Control on Snapper Canal,Splat Zones on Kelp Dome,Rainmaker on Sturgeon Shipyard,Tower Control on Blackbelly Skatepark,Splat Zones on The Reef,Rainmaker on Walleye Warehouse,Tower Control on MakoMart
??????l g?????,4th Legion,Splat Zones on Piranha Pit,Turf War on Manta Maria,Tower Control on The Reef,Rainmaker on Walleye Warehouse,Splat Zones on Snapper Canal,Turf War on Sturgeon Shipyard,Tower Control on MakoMart,Rainmaker on Blackbelly Skatepark,Splat Zones on Kelp Dome
??????l g?????,Blooper Ink,Rainmaker on Blackbelly Skatepark,Tower Control on MakoMart,Splat Zones on Kelp Dome,Rainmaker on Sturgeon Shipyard,Tower Control on Walleye Warehouse,Splat Zones on Piranha Pit,Rainmaker on Manta Maria,Tower Control on The Reef,Splat Zones on Snapper Canal
??????l g?????,Team S4,Tower Control on Sturgeon Shipyard,Rainmaker on The Reef,Splat Zones on MakoMart,Tower Control on Walleye Warehouse,Rainmaker on Piranha Pit,Splat Zones on Kelp Dome,Tower Control on Manta Maria,Rainmaker on Snapper Canal,Splat Zones on Blackbelly Skatepark
??????l g?????,Cactus,Rainmaker on Kelp Dome,Splat Zones on Snapper Canal,Tower Control on Sturgeon Shipyard,Rainmaker on Manta Maria,Splat Zones on The Reef,Tower Control on Piranha Pit,Rainmaker on MakoMart,Splat Zones on Walleye Warehouse,Tower Control on Blackbelly Skatepark
??????l g?????,AllTheWay,Splat Zones on MakoMart,Rainmaker on Snapper Canal,Tower Control on Sturgeon Shipyard,Splat Zones on Blackbelly Skatepark,Rainmaker on Piranha Pit,Tower Control on Walleye Warehouse,Splat Zones on The Reef,Rainmaker on Manta Maria,Tower Control on Kelp Dome
??????l g?????,No Christmas Without Caviar,Rainmaker on MakoMart,Tower Control on Piranha Pit,Splat Zones on Walleye Warehouse,Rainmaker on Sturgeon Shipyard,Tower Control on Manta Maria,Splat Zones on The Reef,Rainmaker on Snapper Canal,Tower Control on Kelp Dome,Splat Zones on Blackbelly Skatepark
??????l g?????,Squidding Good Veteris,Tower Control on The Reef,Splat Zones on Kelp Dome,Rainmaker on Blackbelly Skatepark,Tower Control on Snapper Canal,Splat Zones on MakoMart,Rainmaker on Sturgeon Shipyard,Tower Control on Piranha Pit,Splat Zones on Walleye Warehouse,Rainmaker on Manta Maria
??????l g?????,Team NoVC,Rainmaker on Kelp Dome,Splat Zones on Manta Maria,Tower Control on Piranha Pit,Rainmaker on Snapper Canal,Splat Zones on Walleye Warehouse,Tower Control on MakoMart,Rainmaker on Sturgeon Shipyard,Splat Zones on The Reef,Tower Control on Blackbelly Skatepark
4th Legion,Blooper Ink,Splat Zones on Piranha Pit,Rainmaker on Kelp Dome,Tower Control on Snapper Canal,Splat Zones on Walleye Warehouse,Rainmaker on Blackbelly Skatepark,Tower Control on Sturgeon Shipyard,Splat Zones on Manta Maria,Rainmaker on MakoMart,Tower Control on The Reef
4th Legion,Team S4,Splat Zones on Sturgeon Shipyard,Tower Control on Walleye Warehouse,Rainmaker on Blackbelly Skatepark,Splat Zones on Manta Maria,Tower Control on MakoMart,Rainmaker on Piranha Pit,Splat Zones on The Reef,Tower Control on Kelp Dome,Rainmaker on Snapper Canal
4th Legion,Cactus,Splat Zones on Kelp Dome,Tower Control on Manta Maria,Rainmaker on The Reef,Splat Zones on Sturgeon Shipyard,Tower Control on Walleye Warehouse,Rainmaker on Piranha Pit,Splat Zones on Snapper Canal,Tower Control on MakoMart,Rainmaker on Blackbelly Skatepark
4th Legion,AllTheWay,Rainmaker on Sturgeon Shipyard,Tower Control on The Reef,Splat Zones on Walleye Warehouse,Rainmaker on Manta Maria,Tower Control on Kelp Dome,Splat Zones on Piranha Pit,Rainmaker on Blackbelly Skatepark,Tower Control on MakoMart,Splat Zones on Snapper Canal
4th Legion,No Christmas Without Caviar,Splat Zones on Walleye Warehouse,Rainmaker on Kelp Dome,Tower Control on MakoMart,Splat Zones on The Reef,Rainmaker on Manta Maria,Tower Control on Piranha Pit,Splat Zones on Snapper Canal,Rainmaker on Blackbelly Skatepark,Tower Control on Sturgeon Shipyard
4th Legion,Squidding Good Veteris,Tower Control on The Reef,Splat Zones on MakoMart,Rainmaker on Snapper Canal,Tower Control on Sturgeon Shipyard,Splat Zones on Manta Maria,Rainmaker on Kelp Dome,Tower Control on Blackbelly Skatepark,Splat Zones on Piranha Pit,Rainmaker on Walleye Warehouse
4th Legion,Team NoVC,Splat Zones on MakoMart,Tower Control on Sturgeon Shipyard,Rainmaker on The Reef,Splat Zones on Kelp Dome,Tower Control on Piranha Pit,Rainmaker on Walleye Warehouse,Splat Zones on Blackbelly Skatepark,Tower Control on Manta Maria,Rainmaker on Snapper Canal
Blooper Ink,Team S4,Splat Zones on Sturgeon Shipyard,Rainmaker on MakoMart,Tower Control on Piranha Pit,Splat Zones on The Reef,Rainmaker on Walleye Warehouse,Tower Control on Blackbelly Skatepark,Splat Zones on Snapper Canal,Rainmaker on Kelp Dome,Tower Control on Manta Maria
Blooper Ink,Cactus,Splat Zones on The Reef,Tower Control on Kelp Dome,Rainmaker on Snapper Canal,Splat Zones on Sturgeon Shipyard,Tower Control on Piranha Pit,Rainmaker on Walleye Warehouse,Splat Zones on Blackbelly Skatepark,Tower Control on MakoMart,Rainmaker on Manta Maria
Blooper Ink,AllTheWay,Clam Blitz on Snapper Canal,Splat Zones on Walleye Warehouse,Rainmaker on The Reef,Tower Control on Piranha Pit,Clam Blitz on MakoMart,Splat Zones on Kelp Dome,Rainmaker on Blackbelly Skatepark,Tower Control on Manta Maria,Clam Blitz on Sturgeon Shipyard
Blooper Ink,No Christmas Without Caviar,Tower Control on Kelp Dome,Splat Zones on Snapper Canal,Clam Blitz on Piranha Pit,Rainmaker on The Reef,Tower Control on Sturgeon Shipyard,Splat Zones on MakoMart,Clam Blitz on Walleye Warehouse,Rainmaker on Blackbelly Skatepark,Tower Control on Manta Maria
Blooper Ink,Squidding Good Veteris,Rainmaker on The Reef,Tower Control on Kelp Dome,Splat Zones on Walleye Warehouse,Clam Blitz on Blackbelly Skatepark,Rainmaker on Snapper Canal,Tower Control on MakoMart,Splat Zones on Piranha Pit,Clam Blitz on Manta Maria,Rainmaker on Sturgeon Shipyard
Blooper Ink,Team NoVC,Tower Control on Blackbelly Skatepark,Clam Blitz on The Reef,Rainmaker on Piranha Pit,Splat Zones on Walleye Warehouse,Tower Control on Kelp Dome,Clam Blitz on MakoMart,Rainmaker on Sturgeon Shipyard,Splat Zones on Snapper Canal,Tower Control on Manta Maria
Team S4,Cactus,Splat Zones on Walleye Warehouse,Rainmaker on The Reef,Tower Control on Blackbelly Skatepark,Splat Zones on MakoMart,Rainmaker on Sturgeon Shipyard,Tower Control on Snapper Canal,Splat Zones on Kelp Dome,Rainmaker on Piranha Pit,Tower Control on Manta Maria
Team S4,AllTheWay,Rainmaker on MakoMart,Tower Control on Piranha Pit,Splat Zones on Sturgeon Shipyard,Rainmaker on Blackbelly Skatepark,Tower Control on Walleye Warehouse,Splat Zones on Manta Maria,Rainmaker on The Reef,Tower Control on Snapper Canal,Splat Zones on Kelp Dome
Team S4,No Christmas Without Caviar,Tower Control on Walleye Warehouse,Rainmaker on MakoMart,Splat Zones on Snapper Canal,Tower Control on Blackbelly Skatepark,Rainmaker on The Reef,Splat Zones on Piranha Pit,Tower Control on Sturgeon Shipyard,Rainmaker on Manta Maria,Splat Zones on Kelp Dome
Team S4,Squidding Good Veteris,Splat Zones on Kelp Dome,Tower Control on The Reef,Rainmaker on MakoMart,Splat Zones on Sturgeon Shipyard,Tower Control on Piranha Pit,Rainmaker on Manta Maria,Splat Zones on Snapper Canal,Tower Control on Walleye Warehouse,Rainmaker on Blackbelly Skatepark
Team S4,Team NoVC,Splat Zones on Manta Maria,Rainmaker on The Reef,Tower Control on Piranha Pit,Splat Zones on Blackbelly Skatepark,Rainmaker on Sturgeon Shipyard,Tower Control on Kelp Dome,Splat Zones on Walleye Warehouse,Rainmaker on Snapper Canal,Tower Control on MakoMart
Cactus,AllTheWay,Tower Control on Piranha Pit,Splat Zones on Sturgeon Shipyard,Rainmaker on Manta Maria,Tower Control on MakoMart,Splat Zones on Kelp Dome,Rainmaker on The Reef,Tower Control on Walleye Warehouse,Splat Zones on Snapper Canal,Rainmaker on Blackbelly Skatepark
Cactus,No Christmas Without Caviar,Tower Control on Piranha Pit,Rainmaker on Snapper Canal,Splat Zones on Blackbelly Skatepark,Tower Control on Kelp Dome,Rainmaker on MakoMart,Splat Zones on Walleye Warehouse,Tower Control on Sturgeon Shipyard,Rainmaker on Manta Maria,Splat Zones on The Reef
Cactus,Squidding Good Veteris,Splat Zones on Walleye Warehouse,Tower Control on The Reef,Rainmaker on Piranha Pit,Splat Zones on MakoMart,Tower Control on Snapper Canal,Rainmaker on Blackbelly Skatepark,Splat Zones on Sturgeon Shipyard,Tower Control on Manta Maria,Rainmaker on Kelp Dome
Cactus,Team NoVC,Splat Zones on Manta Maria,Rainmaker on Snapper Canal,Tower Control on The Reef,Splat Zones on Piranha Pit,Rainmaker on Walleye Warehouse,Tower Control on Blackbelly Skatepark,Splat Zones on Kelp Dome,Rainmaker on Sturgeon Shipyard,Tower Control on MakoMart
AllTheWay,No Christmas Without Caviar,Splat Zones on Snapper Canal,Tower Control on Walleye Warehouse,Rainmaker on Sturgeon Shipyard,Clam Blitz on Piranha Pit,Splat Zones on Blackbelly Skatepark,Tower Control on Kelp Dome,Rainmaker on The Reef,Clam Blitz on Manta Maria,Splat Zones on MakoMart
AllTheWay,Squidding Good Veteris,Splat Zones on Blackbelly Skatepark,Clam Blitz on Walleye Warehouse,Rainmaker on Piranha Pit,Tower Control on The Reef,Splat Zones on Snapper Canal,Clam Blitz on MakoMart,Rainmaker on Manta Maria,Tower Control on Sturgeon Shipyard,Splat Zones on Kelp Dome
AllTheWay,Team NoVC,Rainmaker on Piranha Pit,Splat Zones on Sturgeon Shipyard,Tower Control on Blackbelly Skatepark,Clam Blitz on MakoMart,Rainmaker on Snapper Canal,Splat Zones on Walleye Warehouse,Tower Control on Manta Maria,Clam Blitz on Kelp Dome,Rainmaker on The Reef
No Christmas Without Caviar,Squidding Good Veteris,Tower Control on Kelp Dome,Rainmaker on Piranha Pit,Splat Zones on The Reef,Clam Blitz on Blackbelly Skatepark,Tower Control on Snapper Canal,Rainmaker on MakoMart,Splat Zones on Sturgeon Shipyard,Clam Blitz on Manta Maria,Tower Control on Walleye Warehouse
No Christmas Without Caviar,Team NoVC,Tower Control on Walleye Warehouse,Rainmaker on Manta Maria,Clam Blitz on Piranha Pit,Splat Zones on Blackbelly Skatepark,Tower Control on Kelp Dome,Rainmaker on The Reef,Clam Blitz on MakoMart,Splat Zones on Snapper Canal,Tower Control on Sturgeon Shipyard
Squidding Good Veteris,Team NoVC,Clam Blitz on Sturgeon Shipyard,Rainmaker on Kelp Dome,Tower Control on Piranha Pit,Splat Zones on The Reef,Clam Blitz on MakoMart,Rainmaker on Blackbelly Skatepark,Tower Control on Walleye Warehouse,Splat Zones on Manta Maria,Clam Blitz on Snapper Canal
Imagine Squids,Goat Trainers,Splat Zones on Blackbelly Skatepark,Tower Control on Walleye Warehouse,Rainmaker on Snapper Canal,Splat Zones on The Reef,Tower Control on Piranha Pit,Rainmaker on Manta Maria,Splat Zones on Kelp Dome,Tower Control on Sturgeon Shipyard,Rainmaker on MakoMart
Imagine Squids,Ghiblink,Splat Zones on Snapper Canal,Rainmaker on Piranha Pit,Clam Blitz on Walleye Warehouse,Tower Control on Kelp Dome,Splat Zones on Sturgeon Shipyard,Rainmaker on The Reef,Clam Blitz on Manta Maria,Tower Control on Blackbelly Skatepark,Splat Zones on MakoMart
Goat Trainers,Ghiblink,Splat Zones on Walleye Warehouse,Rainmaker on Blackbelly Skatepark,Tower Control on MakoMart,Splat Zones on The Reef,Rainmaker on Snapper Canal,Tower Control on Manta Maria,Splat Zones on Kelp Dome,Rainmaker on Sturgeon Shipyard,Tower Control on Piranha Pit
