Ghiblink,Xiller,Tower Control on Snapper Canal,Rainmaker on Walleye Warehouse,Clam Blitz on Piranha Pit,Splat Zones on Manta Maria,Tower Control on Sturgeon Shipyard,Rainmaker on Kelp Dome,Clam Blitz on MakoMart,Splat Zones on Blackbelly Skatepark,Tower Control on The Reef
Ghiblink,M&L,Splat Zones on Kelp Dome,Tower Control on Blackbelly Skatepark,Rainmaker on Piranha Pit,Clam Blitz on Sturgeon Shipyard,Splat Zones on Snapper Canal,Tower Control on MakoMart,Rainmaker on The Reef,Clam Blitz on Manta Maria,Splat Zones on Walleye Warehouse
Ghiblink,Ethereal,Rainmaker on Sturgeon Shipyard,Clam Blitz on MakoMart,Splat Zones on Snapper Canal,Tower Control on The Reef,Rainmaker on Kelp Dome,Clam Blitz on Manta Maria,Splat Zones on Walleye Warehouse,Tower Control on Blackbelly Skatepark,Rainmaker on Piranha Pit
Ghiblink,The binx's,Rainmaker on Piranha Pit,Splat Zones on MakoMart,Clam Blitz on Kelp Dome,Tower Control on Sturgeon Shipyard,Rainmaker on Blackbelly Skatepark,Splat Zones on Walleye Warehouse,Clam Blitz on Manta Maria,Tower Control on The Reef,Rainmaker on Snapper Canal
Ghiblink,Alliance Rogue,Splat Zones on Walleye Warehouse,Clam Blitz on The Reef,Tower Control on Kelp Dome,Rainmaker on Manta Maria,Splat Zones on Blackbelly Skatepark,Clam Blitz on Piranha Pit,Tower Control on Snapper Canal,Rainmaker on MakoMart,Splat Zones on Sturgeon Shipyard
Ghiblink,TakeOver!,Splat Zones on Blackbelly Skatepark,Clam Blitz on MakoMart,Tower Control on Snapper Canal,Rainmaker on The Reef,Splat Zones on Manta Maria,Clam Blitz on Walleye Warehouse,Tower Control on Kelp Dome,Rainmaker on Piranha Pit,Splat Zones on Sturgeon Shipyard
Ghiblink,N/A,Clam Blitz on Manta Maria,Splat Zones on MakoMart,Tower Control on Sturgeon Shipyard,Rainmaker on Piranha Pit,Clam Blitz on Blackbelly Skatepark,Splat Zones on The Reef,Tower Control on Snapper Canal,Rainmaker on Kelp Dome,Clam Blitz on Walleye Warehouse
Ghiblink,Crème Fresh,Rainmaker on Sturgeon Shipyard,Splat Zones on Manta Maria,Tower Control on MakoMart,Clam Blitz on Piranha Pit,Rainmaker on Kelp Dome,Splat Zones on Walleye Warehouse,Tower Control on The Reef,Clam Blitz on Blackbelly Skatepark,Rainmaker on Snapper Canal
Ghiblink,fuzzy,Rainmaker on Manta Maria,Clam Blitz on MakoMart,Splat Zones on Kelp Dome,Tower Control on Sturgeon Shipyard,Rainmaker on Blackbelly Skatepark,Clam Blitz on Piranha Pit,Splat Zones on Walleye Warehouse,Tower Control on The Reef,Rainmaker on Snapper Canal
Ghiblink,Neptune,Clam Blitz on Snapper Canal,Splat Zones on Kelp Dome,Tower Control on Blackbelly Skatepark,Rainmaker on MakoMart,Clam Blitz on The Reef,Splat Zones on Sturgeon Shipyard,Tower Control on Walleye Warehouse,Rainmaker on Manta Maria,Clam Blitz on Piranha Pit
Ghiblink,TOMO,Clam Blitz on Blackbelly Skatepark,Splat Zones on Walleye Warehouse,Tower Control on MakoMart,Rainmaker on Piranha Pit,Clam Blitz on Snapper Canal,Splat Zones on Sturgeon Shipyard,Tower Control on The Reef,Rainmaker on Kelp Dome,Clam Blitz on Manta Maria
Ghiblink,⊝bject Šhredders,Splat Zones on Manta Maria,Tower Control on MakoMart,Rainmaker on Walleye Warehouse,Splat Zones on Snapper Canal,Tower Control on Kelp Dome,Rainmaker on Sturgeon Shipyard,Splat Zones on Piranha Pit,Tower Control on The Reef,Rainmaker on Blackbelly Skatepark
Ghiblink,Team Olive,Splat Zones on Walleye Warehouse,Rainmaker on Manta Maria,Clam Blitz on Blackbelly Skatepark,Splat Zones on Piranha Pit,Rainmaker on Snapper Canal,Clam Blitz on MakoMart,Splat Zones on Kelp Dome,Rainmaker on The Reef,Clam Blitz on Sturgeon Shipyard
Ghiblink,Prophecy,Rainmaker on Kelp Dome,Tower Control on Piranha Pit,Splat Zones on Blackbelly Skatepark,Rainmaker on Manta Maria,Tower Control on MakoMart,Splat Zones on Walleye Warehouse,Rainmaker on Sturgeon Shipyard,Tower Control on The Reef,Splat Zones on Snapper Canal
Ghiblink,Ink Cartel,Splat Zones on Kelp Dome,Tower Control on The Reef,Rainmaker on Sturgeon Shipyard,Splat Zones on Piranha Pit,Tower Control on Snapper Canal,Rainmaker on Walleye Warehouse,Splat Zones on MakoMart,Tower Control on Blackbelly Skatepark,Rainmaker on Manta Maria
Ghiblink,Kagura,Rainmaker on The Reef,Clam Blitz on Blackbelly Skatepark,Splat Zones on Snapper Canal,Rainmaker on Sturgeon Shipyard,Clam Blitz on Piranha Pit,Splat Zones on Kelp Dome,Rainmaker on MakoMart,Clam Blitz on Walleye Warehouse,Splat Zones on Manta Maria
Ghiblink,Inklings Team,Splat Zones on Sturgeon Shipyard,Rainmaker on Manta Maria,Clam Blitz on Walleye Warehouse,Splat Zones on Piranha Pit,Rainmaker on MakoMart,Clam Blitz on Blackbelly Skatepark,Splat Zones on Kelp Dome,Rainmaker on The Reef,Clam Blitz on Snapper Canal
Ghiblink,Electric Zoo,Tower Control on Kelp Dome,Splat Zones on Blackbelly Skatepark,Rainmaker on The Reef,Tower Control on Manta Maria,Splat Zones on Walleye Warehouse,Rainmaker on Piranha Pit,Tower Control on MakoMart,Splat Zones on Sturgeon Shipyard,Rainmaker on Snapper Canal
Ghiblink,Limitless,Splat Zones on Walleye Warehouse,Rainmaker on Snapper Canal,Tower Control on Kelp Dome,Splat Zones on Piranha Pit,Rainmaker on Blackbelly Skatepark,Tower Control on Sturgeon Shipyard,Splat Zones on Manta Maria,Rainmaker on MakoMart,Tower Control on The Reef
Ghiblink,Akatsuki,Clam Blitz on The Reef,Splat Zones on Blackbelly Skatepark,Tower Control on Manta Maria,Rainmaker on Kelp Dome,Clam Blitz on Piranha Pit,Splat Zones on Snapper Canal,Tower Control on MakoMart,Rainmaker on Walleye Warehouse,Clam Blitz on Sturgeon Shipyard
Ghiblink,Team Anonymous,Clam Blitz on Walleye Warehouse,Tower Control on Manta Maria,Rainmaker on MakoMart,Splat Zones on The Reef,Clam Blitz on Kelp Dome,Tower Control on Sturgeon Shipyard,Rainmaker on Blackbelly Skatepark,Splat Zones on Snapper Canal,Clam Blitz on Piranha Pit
Ghiblink,Imagine Squids,Splat Zones on Blackbelly Skatepark,Clam Blitz on MakoMart,Rainmaker on Sturgeon Shipyard,Tower Control on Piranha Pit,Splat Zones on Manta Maria,Clam Blitz on Walleye Warehouse,Rainmaker on Kelp Dome,Tower Control on The Reef,Splat Zones on Snapper Canal
Ghiblink,Spanish Army,Tower Control on Kelp Dome,Rainmaker on Manta Maria,Splat Zones on Walleye Warehouse,Tower Control on Blackbelly Skatepark,Rainmaker on Piranha Pit,Splat Zones on Sturgeon Shipyard,Tower Control on MakoMart,Rainmaker on The Reef,Splat Zones on Snapper Canal
Ghiblink,Konton Knights I,Tower Control on Manta Maria,Splat Zones on Walleye Warehouse,Rainmaker on Sturgeon Shipyard,Tower Control on Kelp Dome,Splat Zones on Snapper Canal,Rainmaker on MakoMart,Tower Control on The Reef,Splat Zones on Piranha Pit,Rainmaker on Blackbelly Skatepark
Ghiblink,Hexagone,Splat Zones on MakoMart,Rainmaker on Kelp Dome,Tower Control on The Reef,Splat Zones on Manta Maria,Rainmaker on Sturgeon Shipyard,Tower Control on Piranha Pit,Splat Zones on Blackbelly Skatepark,Rainmaker on Snapper Canal,Tower Control on Walleye Warehouse
Ghiblink,Potatoon,Rainmaker on Walleye Warehouse,Splat Zones on Blackbelly Skatepark,Tower Control on Piranha Pit,Rainmaker on The Reef,Splat Zones on Sturgeon Shipyard,Tower Control on Snapper Canal,Rainmaker on Manta Maria,Splat Zones on Kelp Dome,Tower Control on MakoMart
Ghiblink,Kairos,Tower Control on Piranha Pit,Splat Zones on The Reef,Rainmaker on MakoMart,Tower Control on Blackbelly Skatepark,Splat Zones on Sturgeon Shipyard,Rainmaker on Manta Maria,Tower Control on Snapper Canal,Splat Zones on Kelp Dome,Rainmaker on Walleye Warehouse
Ghiblink,PainTShock,Splat Zones on Piranha Pit,Clam Blitz on The Reef,Rainmaker on Snapper Canal,Splat Zones on Manta Maria,Clam Blitz on Walleye Warehouse,Rainmaker on Sturgeon Shipyard,Splat Zones on MakoMart,Clam Blitz on Kelp Dome,Rainmaker on Blackbelly Skatepark
Ghiblink,GanGan Galaxy,Splat Zones on Sturgeon Shipyard,Tower Control on Snapper Canal,Rainmaker on MakoMart,Splat Zones on The Reef,Tower Control on Blackbelly Skatepark,Rainmaker on Kelp Dome,Splat Zones on Manta Maria,Tower Control on Piranha Pit,Rainmaker on Walleye Warehouse
Ghiblink,Team Inkling,Clam Blitz on Snapper Canal,Tower Control on The Reef,Splat Zones on Blackbelly Skatepark,Clam Blitz on Sturgeon Shipyard,Tower Control on Walleye Warehouse,Splat Zones on Manta Maria,Clam Blitz on MakoMart,Tower Control on Piranha Pit,Splat Zones on Kelp Dome
Ghiblink,Kraken Paradise,Splat Zones on Piranha Pit,Tower Control on MakoMart,Rainmaker on Sturgeon Shipyard,Splat Zones on Blackbelly Skatepark,Tower Control on Walleye Warehouse,Rainmaker on Manta Maria,Splat Zones on The Reef,Tower Control on Snapper Canal,Rainmaker on Kelp Dome
Ghiblink,XYZ Force,Splat Zones on MakoMart,Tower Control on Sturgeon Shipyard,Rainmaker on Manta Maria,Splat Zones on Piranha Pit,Tower Control on Snapper Canal,Rainmaker on Blackbelly Skatepark,Splat Zones on Walleye Warehouse,Tower Control on Kelp Dome,Rainmaker on The Reef
Ghiblink,Argos,Tower Control on Kelp Dome,Clam Blitz on Blackbelly Skatepark,Rainmaker on Manta Maria,Splat Zones on Snapper Canal,Tower Control on Walleye Warehouse,Clam Blitz on The Reef,Rainmaker on MakoMart,Splat Zones on Piranha Pit,Tower Control on Sturgeon Shipyard
Ghiblink,Killer Bees,Rainmaker on The Reef,Tower Control on Blackbelly Skatepark,Splat Zones on Sturgeon Shipyard,Clam Blitz on Kelp Dome,Rainmaker on Walleye Warehouse,Tower Control on Manta Maria,Splat Zones on MakoMart,Clam Blitz on Piranha Pit,Rainmaker on Snapper Canal
Ghiblink,C Sharp,Clam Blitz on Walleye Warehouse,Splat Zones on Kelp Dome,Tower Control on Manta Maria,Clam Blitz on Blackbelly Skatepark,Splat Zones on MakoMart,Tower Control on Snapper Canal,Clam Blitz on Piranha Pit,Splat Zones on The Reef,Tower Control on Sturgeon Shipyard
Ghiblink,Goat Trainers,Tower Control on Walleye Warehouse,Splat Zones on Manta Maria,Rainmaker on Sturgeon Shipyard,Tower Control on Kelp Dome,Splat Zones on Piranha Pit,Rainmaker on The Reef,Tower Control on Blackbelly Skatepark,Splat Zones on Snapper Canal,Rainmaker on MakoMart
Ghiblink,Clam Burglars,Splat Zones on MakoMart,Tower Control on Piranha Pit,Rainmaker on The Reef,Splat Zones on Blackbelly Skatepark,Tower Control on Walleye Warehouse,Rainmaker on Snapper Canal,Splat Zones on Manta Maria,Tower Control on Sturgeon Shipyard,Rainmaker on Kelp Dome
Ghiblink,Painmakers,Rainmaker on Sturgeon Shipyard,Clam Blitz on Snapper Canal,Splat Zones on Blackbelly Skatepark,Tower Control on Manta Maria,Rainmaker on Piranha Pit,Clam Blitz on Kelp Dome,Splat Zones on MakoMart,Tower Control on The Reef,Rainmaker on Walleye Warehouse
Ghiblink,Chikara,Rainmaker on Piranha Pit,Splat Zones on Manta Maria,Tower Control on Snapper Canal,Rainmaker on Walleye Warehouse,Splat Zones on Blackbelly Skatepark,Tower Control on Sturgeon Shipyard,Rainmaker on MakoMart,Splat Zones on The Reef,Tower Control on Kelp Dome
Ghiblink,Divine Nerd Squad,Tower Control on Snapper Canal,Clam Blitz on Blackbelly Skatepark,Splat Zones on The Reef,Tower Control on Manta Maria,Clam Blitz on Piranha Pit,Splat Zones on Walleye Warehouse,Tower Control on Kelp Dome,Clam Blitz on Sturgeon Shipyard,Splat Zones on MakoMart
Ghiblink,Atramentum,Splat Zones on Snapper Canal,Rainmaker on MakoMart,Tower Control on Walleye Warehouse,Splat Zones on The Reef,Rainmaker on Piranha Pit,Tower Control on Sturgeon Shipyard,Splat Zones on Manta Maria,Rainmaker on Blackbelly Skatepark,Tower Control on Kelp Dome
Ghiblink,Squid Armada,Splat Zones on Sturgeon Shipyard,Rainmaker on Kelp Dome,Tower Control on Manta Maria,Splat Zones on The Reef,Rainmaker on MakoMart,Tower Control on Piranha Pit,Splat Zones on Blackbelly Skatepark,Rainmaker on Snapper Canal,Tower Control on Walleye Warehouse
Ghiblink,Generation Z,Tower Control on MakoMart,Rainmaker on Piranha Pit,Splat Zones on Blackbelly Skatepark,Tower Control on Walleye Warehouse,Rainmaker on Manta Maria,Splat Zones on The Reef,Tower Control on Sturgeon Shipyard,Rainmaker on Kelp Dome,Splat Zones on Snapper Canal
Ghiblink,Nitro,Rainmaker on Blackbelly Skatepark,Clam Blitz on Manta Maria,Splat Zones on Kelp Dome,Tower Control on Piranha Pit,Rainmaker on Snapper Canal,Clam Blitz on Walleye Warehouse,Splat Zones on MakoMart,Tower Control on Sturgeon Shipyard,Rainmaker on The Reef
Ghiblink,EL Firmament,Tower Control on Manta Maria,Clam Blitz on Kelp Dome,Splat Zones on MakoMart,Tower Control on Piranha Pit,Clam Blitz on Walleye Warehouse,Splat Zones on Snapper Canal,Tower Control on The Reef,Clam Blitz on Sturgeon Shipyard,Splat Zones on Blackbelly Skatepark
Ghiblink,Element Tuzki,Rainmaker on Walleye Warehouse,Clam Blitz on MakoMart,Splat Zones on Piranha Pit,Tower Control on Manta Maria,Rainmaker on Sturgeon Shipyard,Clam Blitz on Blackbelly Skatepark,Splat Zones on The Reef,Tower Control on Snapper Canal,Rainmaker on Kelp Dome
Ghiblink,ıиκ αlpha,Rainmaker on MakoMart,Splat Zones on Piranha Pit,Tower Control on The Reef,Rainmaker on Manta Maria,Splat Zones on Snapper Canal,Tower Control on Sturgeon Shipyard,Rainmaker on Walleye Warehouse,Splat Zones on Kelp Dome,Tower Control on Blackbelly Skatepark
Ghiblink,Seafood Sorbet,Tower Control on Walleye Warehouse,Splat Zones on Piranha Pit,Rainmaker on The Reef,Tower Control on MakoMart,Splat Zones on Snapper Canal,Rainmaker on Sturgeon Shipyard,Tower Control on Blackbelly Skatepark,Splat Zones on Manta Maria,Rainmaker on Kelp Dome
Ghiblink,Squidding Good Veteris,Splat Zones on MakoMart,Clam Blitz on Sturgeon Shipyard,Tower Control on Snapper Canal,Rainmaker on Piranha Pit,Splat Zones on Walleye Warehouse,Clam Blitz on Manta Maria,Tower Control on Kelp Dome,Rainmaker on The Reef,Splat Zones on Blackbelly Skatepark
Ghiblink,Rising Moon,Tower Control on The Reef,Rainmaker on Kelp Dome,Splat Zones on Piranha Pit,Tower Control on Manta Maria,Rainmaker on Sturgeon Shipyard,Splat Zones on MakoMart,Tower Control on Walleye Warehouse,Rainmaker on Blackbelly Skatepark,Splat Zones on Snapper Canal
Ghiblink,Not Your Average,Clam Blitz on Manta Maria,Splat Zones on Sturgeon Shipyard,Tower Control on The Reef,Rainmaker on Kelp Dome,Clam Blitz on Piranha Pit,Splat Zones on Blackbelly Skatepark,Tower Control on Snapper Canal,Rainmaker on MakoMart,Clam Blitz on Walleye Warehouse
Ghiblink,5 O'Clock,Rainmaker on Sturgeon Shipyard,Splat Zones on Manta Maria,Tower Control on Snapper Canal,Rainmaker on Piranha Pit,Splat Zones on Blackbelly Skatepark,Tower Control on Walleye Warehouse,Rainmaker on Kelp Dome,Splat Zones on MakoMart,Tower Control on The Reef
Ghiblink,ViceVersa,Splat Zones on Blackbelly Skatepark,Rainmaker on Walleye Warehouse,Tower Control on Kelp Dome,Splat Zones on Sturgeon Shipyard,Rainmaker on Piranha Pit,Tower Control on Manta Maria,Splat Zones on Snapper Canal,Rainmaker on MakoMart,Tower Control on The Reef
Ghiblink,Konton Knights l,Rainmaker on Blackbelly Skatepark,Tower Control on The Reef,Splat Zones on Kelp Dome,Rainmaker on Snapper Canal,Tower Control on MakoMart,Splat Zones on Sturgeon Shipyard,Rainmaker on Manta Maria,Tower Control on Piranha Pit,Splat Zones on Walleye Warehouse
Ghiblink,ετεяηαl gεмιηι,Rainmaker on Piranha Pit,Splat Zones on The Reef,Tower Control on Blackbelly Skatepark,Rainmaker on Sturgeon Shipyard,Splat Zones on Snapper Canal,Tower Control on Walleye Warehouse,Rainmaker on Manta Maria,Splat Zones on Kelp Dome,Tower Control on MakoMart
Ghiblink,4th Legion,Splat Zones on Piranha Pit,Tower Control on The Reef,Rainmaker on Manta Maria,Splat Zones on MakoMart,Tower Control on Walleye Warehouse,Rainmaker on Blackbelly Skatepark,Splat Zones on Kelp Dome,Tower Control on Snapper Canal,Rainmaker on Sturgeon Shipyard
Ghiblink,ıиκ Zeta,Splat Zones on Kelp Dome,Tower Control on Snapper Canal,Rainmaker on Sturgeon Shipyard,Clam Blitz on Blackbelly Skatepark,Splat Zones on Piranha Pit,Tower Control on The Reef,Rainmaker on MakoMart,Clam Blitz on Manta Maria,Splat Zones on Walleye Warehouse
Ghiblink,Emphatic,Clam Blitz on MakoMart,Splat Zones on Blackbelly Skatepark,Tower Control on Walleye Warehouse,Clam Blitz on The Reef,Splat Zones on Snapper Canal,Tower Control on Kelp Dome,Clam Blitz on Piranha Pit,Splat Zones on Manta Maria,Tower Control on Sturgeon Shipyard
Ghiblink,OverFlow,Rainmaker on Sturgeon Shipyard,Tower Control on Manta Maria,Clam Blitz on Snapper Canal,Splat Zones on Kelp Dome,Rainmaker on Walleye Warehouse,Tower Control on MakoMart,Clam Blitz on The Reef,Splat Zones on Blackbelly Skatepark,Rainmaker on Piranha Pit
Ghiblink,Calamity Forge,Splat Zones on Manta Maria,Rainmaker on MakoMart,Tower Control on Sturgeon Shipyard,Splat Zones on The Reef,Rainmaker on Snapper Canal,Tower Control on Walleye Warehouse,Splat Zones on Blackbelly Skatepark,Rainmaker on Kelp Dome,Tower Control on Piranha Pit
Ghiblink,Planet Mars,Rainmaker on Blackbelly Skatepark,Tower Control on Snapper Canal,Splat Zones on Piranha Pit,Rainmaker on The Reef,Tower Control on Kelp Dome,Splat Zones on Sturgeon Shipyard,Rainmaker on MakoMart,Tower Control on Walleye Warehouse,Splat Zones on Manta Maria
Ghiblink,☆All Star Squad☆,Splat Zones on Blackbelly Skatepark,Rainmaker on Snapper Canal,Tower Control on Piranha Pit,Splat Zones on The Reef,Rainmaker on Kelp Dome,Tower Control on Manta Maria,Splat Zones on Sturgeon Shipyard,Rainmaker on MakoMart,Tower Control on Walleye Warehouse
Ghiblink,Pandora,Rainmaker on Kelp Dome,Tower Control on Piranha Pit,Splat Zones on Manta Maria,Rainmaker on MakoMart,Tower Control on Sturgeon Shipyard,Splat Zones on Blackbelly Skatepark,Rainmaker on The Reef,Tower Control on Walleye Warehouse,Splat Zones on Snapper Canal
Ghiblink,EnviZion,Tower Control on Sturgeon Shipyard,Rainmaker on Snapper Canal,Splat Zones on Walleye Warehouse,Tower Control on Blackbelly Skatepark,Rainmaker on MakoMart,Splat Zones on Manta Maria,Tower Control on Kelp Dome,Rainmaker on The Reef,Splat Zones on Piranha Pit
Ghiblink,Blooper Ink,Tower Control on Kelp Dome,Rainmaker on The Reef,Clam Blitz on MakoMart,Splat Zones on Manta Maria,Tower Control on Snapper Canal,Rainmaker on Blackbelly Skatepark,Clam Blitz on Piranha Pit,Splat Zones on Walleye Warehouse,Tower Control on Sturgeon Shipyard
Ghiblink,License to Krill,Splat Zones on Kelp Dome,Clam Blitz on The Reef,Rainmaker on Blackbelly Skatepark,Tower Control on Piranha Pit,Splat Zones on Snapper Canal,Clam Blitz on Sturgeon Shipyard,Rainmaker on Manta Maria,Tower Control on MakoMart,Splat Zones on Walleye Warehouse
Ghiblink,Komodo,Tower Control on Sturgeon Shipyard,Rainmaker on Piranha Pit,Splat Zones on The Reef,Tower Control on Manta Maria,Rainmaker on Blackbelly Skatepark,Splat Zones on Kelp Dome,Tower Control on Snapper Canal,Rainmaker on Walleye Warehouse,Splat Zones on MakoMart
Ghiblink,Squidlett Overdrive,Rainmaker on Sturgeon Shipyard,Clam Blitz on Kelp Dome,Tower Control on Blackbelly Skatepark,Splat Zones on Walleye Warehouse,Rainmaker on Snapper Canal,Clam Blitz on Piranha Pit,Tower Control on The Reef,Splat Zones on MakoMart,Rainmaker on Manta Maria
Ghiblink,Violet Xenon,Splat Zones on Piranha Pit,Rainmaker on Snapper Canal,Tower Control on Walleye Warehouse,Splat Zones on MakoMart,Rainmaker on The Reef,Tower Control on Manta Maria,Splat Zones on Blackbelly Skatepark,Rainmaker on Sturgeon Shipyard,Tower Control on Kelp Dome
Ghiblink,Mörder Squid,Clam Blitz on MakoMart,Splat Zones on Walleye Warehouse,Tower Control on Kelp Dome,Rainmaker on Blackbelly Skatepark,Clam Blitz on Snapper Canal,Splat Zones on The Reef,Tower Control on Sturgeon Shipyard,Rainmaker on Piranha Pit,Clam Blitz on Manta Maria
Ghiblink,The Sea Words,Tower Control on Sturgeon Shipyard,Rainmaker on Walleye Warehouse,Splat Zones on Manta Maria,Clam Blitz on MakoMart,Tower Control on The Reef,Rainmaker on Blackbelly Skatepark,Splat Zones on Kelp Dome,Clam Blitz on Snapper Canal,Tower Control on Piranha Pit
Ghiblink,Inkarcerators,Rainmaker on The Reef,Clam Blitz on Walleye Warehouse,Splat Zones on Blackbelly Skatepark,Tower Control on Snapper Canal,Rainmaker on Kelp Dome,Clam Blitz on MakoMart,Splat Zones on Piranha Pit,Tower Control on Sturgeon Shipyard,Rainmaker on Manta Maria
Ghiblink,Day Old Sushi,Splat Zones on Manta Maria,Tower Control on The Reef,Rainmaker on Sturgeon Shipyard,Splat Zones on Kelp Dome,Tower Control on Snapper Canal,Rainmaker on MakoMart,Splat Zones on Piranha Pit,Tower Control on Walleye Warehouse,Rainmaker on Blackbelly Skatepark
Ghiblink,Mexamafia,Clam Blitz on The Reef,Splat Zones on MakoMart,Tower Control on Snapper Canal,Clam Blitz on Piranha Pit,Splat Zones on Kelp Dome,Tower Control on Blackbelly Skatepark,Clam Blitz on Walleye Warehouse,Splat Zones on Sturgeon Shipyard,Tower Control on Manta Maria
Ghiblink,Depth First Squids,Rainmaker on Sturgeon Shipyard,Tower Control on Snapper Canal,Splat Zones on Walleye Warehouse,Rainmaker on Blackbelly Skatepark,Tower Control on Piranha Pit,Splat Zones on Manta Maria,Rainmaker on Kelp Dome,Tower Control on The Reef,Splat Zones on MakoMart
Ghiblink,Toxic Revolution,Splat Zones on Blackbelly Skatepark,Tower Control on Snapper Canal,Clam Blitz on Sturgeon Shipyard,Splat Zones on Piranha Pit,Tower Control on Walleye Warehouse,Clam Blitz on Manta Maria,Splat Zones on Kelp Dome,Tower Control on The Reef,Clam Blitz on MakoMart
Ghiblink,Watch Me Whiprays,Clam Blitz on Manta Maria,Splat Zones on Piranha Pit,Tower Control on The Reef,Rainmaker on Blackbelly Skatepark,Clam Blitz on MakoMart,Splat Zones on Kelp Dome,Tower Control on Snapper Canal,Rainmaker on Walleye Warehouse,Clam Blitz on Sturgeon Shipyard
Ghiblink,Raging ink,Rainmaker on Manta Maria,Tower Control on MakoMart,Splat Zones on Walleye Warehouse,Rainmaker on The Reef,Tower Control on Piranha Pit,Splat Zones on Kelp Dome,Rainmaker on Snapper Canal,Tower Control on Sturgeon Shipyard,Splat Zones on Blackbelly Skatepark
Ghiblink,Endless Oceans,Splat Zones on Manta Maria,Tower Control on Walleye Warehouse,Clam Blitz on Piranha Pit,Rainmaker on The Reef,Splat Zones on Sturgeon Shipyard,Tower Control on Snapper Canal,Clam Blitz on MakoMart,Rainmaker on Blackbelly Skatepark,Splat Zones on Kelp Dome
Ghiblink,Team S4,Rainmaker on The Reef,Splat Zones on Piranha Pit,Tower Control on Blackbelly Skatepark,Rainmaker on MakoMart,Splat Zones on Manta Maria,Tower Control on Walleye Warehouse,Rainmaker on Kelp Dome,Splat Zones on Snapper Canal,Tower Control on Sturgeon Shipyard
Ghiblink,いんふすく | InfSq,Splat Zones on Blackbelly Skatepark,Tower Control on Piranha Pit,Rainmaker on Walleye Warehouse,Clam Blitz on Manta Maria,Splat Zones on Sturgeon Shipyard,Tower Control on Snapper Canal,Rainmaker on The Reef,Clam Blitz on MakoMart,Splat Zones on Kelp Dome
Ghiblink,Cactus,Splat Zones on Piranha Pit,Rainmaker on Snapper Canal,Tower Control on Blackbelly Skatepark,Splat Zones on Sturgeon Shipyard,Rainmaker on Walleye Warehouse,Tower Control on MakoMart,Splat Zones on The Reef,Rainmaker on Manta Maria,Tower Control on Kelp Dome
Ghiblink,Team KRYPTIC,Clam Blitz on Sturgeon Shipyard,Rainmaker on Piranha Pit,Tower Control on MakoMart,Splat Zones on The Reef,Clam Blitz on Snapper Canal,Rainmaker on Manta Maria,Tower Control on Walleye Warehouse,Splat Zones on Kelp Dome,Clam Blitz on Blackbelly Skatepark
Ghiblink,Yurika,Clam Blitz on Piranha Pit,Rainmaker on Snapper Canal,Splat Zones on The Reef,Clam Blitz on Sturgeon Shipyard,Rainmaker on Manta Maria,Splat Zones on MakoMart,Clam Blitz on Blackbelly Skatepark,Rainmaker on Walleye Warehouse,Splat Zones on Kelp Dome
Ghiblink,AllTheWay,Splat Zones on Sturgeon Shipyard,Clam Blitz on MakoMart,Tower Control on Walleye Warehouse,Rainmaker on Piranha Pit,Splat Zones on The Reef,Clam Blitz on Manta Maria,Tower Control on Blackbelly Skatepark,Rainmaker on Kelp Dome,Splat Zones on Snapper Canal
Ghiblink,No Christmas Without Caviar,Rainmaker on Snapper Canal,Splat Zones on Blackbelly Skatepark,Tower Control on Piranha Pit,Clam Blitz on Kelp Dome,Rainmaker on The Reef,Splat Zones on MakoMart,Tower Control on Sturgeon Shipyard,Clam Blitz on Manta Maria,Rainmaker on Walleye Warehouse
Ghiblink,Team NoVC,Splat Zones on Piranha Pit,Clam Blitz on MakoMart,Rainmaker on Blackbelly Skatepark,Tower Control on Snapper Canal,Splat Zones on The Reef,Clam Blitz on Manta Maria,Rainmaker on Walleye Warehouse,Tower Control on Kelp Dome,Splat Zones on Sturgeon Shipyard
Ghiblink,Redemption,Tower Control on Kelp Dome,Splat Zones on Walleye Warehouse,Rainmaker on The Reef,Clam Blitz on Piranha Pit,Tower Control on Manta Maria,Splat Zones on Snapper Canal,Rainmaker on MakoMart,Clam Blitz on Blackbelly Skatepark,Tower Control on Sturgeon Shipyard
Ghiblink,Notorious,Rainmaker on Kelp Dome,Splat Zones on Sturgeon Shipyard,Clam Blitz on Snapper Canal,Tower Control on Blackbelly Skatepark,Rainmaker on Manta Maria,Splat Zones on Piranha Pit,Clam Blitz on MakoMart,Tower Control on The Reef,Rainmaker on Walleye Warehouse
Ghiblink,Instant Ramen,Rainmaker on Sturgeon Shipyard,Tower Control on MakoMart,Splat Zones on Walleye Warehouse,Clam Blitz on Piranha Pit,Rainmaker on Kelp Dome,Tower Control on Snapper Canal,Splat Zones on The Reef,Clam Blitz on Blackbelly Skatepark,Rainmaker on Manta Maria
Ghiblink,Blue Ringed Octolings,Clam Blitz on The Reef,Splat Zones on Sturgeon Shipyard,Rainmaker on Manta Maria,Tower Control on Kelp Dome,Clam Blitz on Walleye Warehouse,Splat Zones on Snapper Canal,Rainmaker on Piranha Pit,Tower Control on Blackbelly Skatepark,Clam Blitz on MakoMart
Ghiblink,ıиκΩOmega,Clam Blitz on Snapper Canal,Rainmaker on Piranha Pit,Splat Zones on Manta Maria,Tower Control on The Reef,Clam Blitz on Sturgeon Shipyard,Rainmaker on Walleye Warehouse,Splat Zones on Blackbelly Skatepark,Tower Control on MakoMart,Clam Blitz on Kelp Dome
Ghiblink,ıиκζZeta,Rainmaker on Piranha Pit,Clam Blitz on Sturgeon Shipyard,Tower Control on Manta Maria,Splat Zones on Walleye Warehouse,Rainmaker on MakoMart,Clam Blitz on Snapper Canal,Tower Control on Blackbelly Skatepark,Splat Zones on Kelp Dome,Rainmaker on The Reef
Ghiblink,Sleeping With the Squids,Rainmaker on Walleye Warehouse,Tower Control on Sturgeon Shipyard,Splat Zones on The Reef,Clam Blitz on Blackbelly Skatepark,Rainmaker on Piranha Pit,Tower Control on Manta Maria,Splat Zones on Snapper Canal,Clam Blitz on MakoMart,Rainmaker on Kelp Dome
Ghiblink,Dynasty,Clam Blitz on The Reef,Rainmaker on Kelp Dome,Tower Control on Blackbelly Skatepark,Splat Zones on Sturgeon Shipyard,Clam Blitz on Walleye Warehouse,Rainmaker on Manta Maria,Tower Control on MakoMart,Splat Zones on Snapper Canal,Clam Blitz on Piranha Pit
Ghiblink,Miruku,Splat Zones on MakoMart,Rainmaker on Manta Maria,Tower Control on Snapper Canal,Clam Blitz on Walleye Warehouse,Splat Zones on Sturgeon Shipyard,Rainmaker on The Reef,Tower Control on Kelp Dome,Clam Blitz on Piranha Pit,Splat Zones on Blackbelly Skatepark
Ghiblink,Blink Gaming,Rainmaker on Snapper Canal,Tower Control on The Reef,Clam Blitz on MakoMart,Splat Zones on Walleye Warehouse,Rainmaker on Manta Maria,Tower Control on Kelp Dome,Clam Blitz on Piranha Pit,Splat Zones on Blackbelly Skatepark,Rainmaker on Sturgeon Shipyard
